<?xml version="1.0" encoding="UTF-8"?>
<project-private xmlns="http://www.netbeans.org/ns/project-private/1">
    <editor-bookmarks xmlns="http://www.netbeans.org/ns/editor-bookmarks/2" lastBookmarkId="0"/>
    <open-files xmlns="http://www.netbeans.org/ns/projectui-open-files/2">
        <group>
            <file>file:/D:/Github/Project-I-Teammate/TeammateWebManagement/web/AdvertiseUI.jsp</file>
            <file>file:/D:/Github/Project-I-Teammate/TeammateWebManagement/src/java/database/service/AddAdvertiseController.java</file>
            <file>file:/D:/Github/Project-I-Teammate/TeammateWebManagement/web/MedicalUI.jsp</file>
            <file>file:/D:/Github/Project-I-Teammate/TeammateWebManagement/src/java/database/service/AddMedicalController.java</file>
        </group>
    </open-files>
</project-private>
